<?xml version="1.0" encoding="UTF-8" standalone="yes" ?><hh:head xmlns:ha="http://www.hancom.co.kr/hwpml/2011/app" xmlns:hp="http://www.hancom.co.kr/hwpml/2011/paragraph" xmlns:hp10="http://www.hancom.co.kr/hwpml/2016/paragraph" xmlns:hs="http://www.hancom.co.kr/hwpml/2011/section" xmlns:hc="http://www.hancom.co.kr/hwpml/2011/core" xmlns:hh="http://www.hancom.co.kr/hwpml/2011/head" xmlns:hhs="http://www.hancom.co.kr/hwpml/2011/history" xmlns:hm="http://www.hancom.co.kr/hwpml/2011/master-page" xmlns:hpf="http://www.hancom.co.kr/schema/2011/hpf" xmlns:dc="http://purl.org/dc/elements/1.1/" xmlns:opf="http://www.idpf.org/2007/opf/" xmlns:ooxmlchart="http://www.hancom.co.kr/hwpml/2016/ooxmlchart" xmlns:epub="http://www.idpf.org/2007/ops" xmlns:config="urn:oasis:names:tc:opendocument:xmlns:config:1.0" version="1.2" secCnt="1"><hh:beginNum page="1" footnote="1" endnote="1" pic="1" tbl="1" equation="1"/><hh:refList><hh:fontfaces itemCnt="7"><hh:fontface lang="HANGUL" fontCnt="2"><hh:font id="0" face="함초롬돋움" type="TTF" isEmbedded="0"><hh:typeInfo familyType="FCAT_GOTHIC" weight="6" proportion="4" contrast="0" strokeVariation="1" armStyle="1" letterform="1" midline="1" xHeight="1"/></hh:font><hh:font id="1" face="함초롬바탕" type="TTF" isEmbedded="0"><hh:typeInfo familyType="FCAT_GOTHIC" weight="6" proportion="4" contrast="0" strokeVariation="1" armStyle="1" letterform="1" midline="1" xHeight="1"/></hh:font></hh:fontface><hh:fontface lang="LATIN" fontCnt="2"><hh:font id="0" face="함초롬돋움" type="TTF" isEmbedded="0"><hh:typeInfo familyType="FCAT_GOTHIC" weight="6" proportion="4" contrast="0" strokeVariation="1" armStyle="1" letterform="1" midline="1" xHeight="1"/></hh:font><hh:font id="1" face="함초롬바탕" type="TTF" isEmbedded="0"><hh:typeInfo familyType="FCAT_GOTHIC" weight="6" proportion="4" contrast="0" strokeVariation="1" armStyle="1" letterform="1" midline="1" xHeight="1"/></hh:font></hh:fontface><hh:fontface lang="HANJA" fontCnt="2"><hh:font id="0" face="함초롬돋움" type="TTF" isEmbedded="0"><hh:typeInfo familyType="FCAT_GOTHIC" weight="6" proportion="4" contrast="0" strokeVariation="1" armStyle="1" letterform="1" midline="1" xHeight="1"/></hh:font><hh:font id="1" face="함초롬바탕" type="TTF" isEmbedded="0"><hh:typeInfo familyType="FCAT_GOTHIC" weight="6" proportion="4" contrast="0" strokeVariation="1" armStyle="1" letterform="1" midline="1" xHeight="1"/></hh:font></hh:fontface><hh:fontface lang="JAPANESE" fontCnt="2"><hh:font id="0" face="함초롬돋움" type="TTF" isEmbedded="0"><hh:typeInfo familyType="FCAT_GOTHIC" weight="6" proportion="4" contrast="0" strokeVariation="1" armStyle="1" letterform="1" midline="1" xHeight="1"/></hh:font><hh:font id="1" face="함초롬바탕" type="TTF" isEmbedded="0"><hh:typeInfo familyType="FCAT_GOTHIC" weight="6" proportion="4" contrast="0" strokeVariation="1" armStyle="1" letterform="1" midline="1" xHeight="1"/></hh:font></hh:fontface><hh:fontface lang="OTHER" fontCnt="2"><hh:font id="0" face="함초롬돋움" type="TTF" isEmbedded="0"><hh:typeInfo familyType="FCAT_GOTHIC" weight="6" proportion="4" contrast="0" strokeVariation="1" armStyle="1" letterform="1" midline="1" xHeight="1"/></hh:font><hh:font id="1" face="함초롬바탕" type="TTF" isEmbedded="0"><hh:typeInfo familyType="FCAT_GOTHIC" weight="6" proportion="4" contrast="0" strokeVariation="1" armStyle="1" letterform="1" midline="1" xHeight="1"/></hh:font></hh:fontface><hh:fontface lang="SYMBOL" fontCnt="2"><hh:font id="0" face="함초롬돋움" type="TTF" isEmbedded="0"><hh:typeInfo familyType="FCAT_GOTHIC" weight="6" proportion="4" contrast="0" strokeVariation="1" armStyle="1" letterform="1" midline="1" xHeight="1"/></hh:font><hh:font id="1" face="함초롬바탕" type="TTF" isEmbedded="0"><hh:typeInfo familyType="FCAT_GOTHIC" weight="6" proportion="4" contrast="0" strokeVariation="1" armStyle="1" letterform="1" midline="1" xHeight="1"/></hh:font></hh:fontface><hh:fontface lang="USER" fontCnt="2"><hh:font id="0" face="함초롬돋움" type="TTF" isEmbedded="0"><hh:typeInfo familyType="FCAT_GOTHIC" weight="6" proportion="4" contrast="0" strokeVariation="1" armStyle="1" letterform="1" midline="1" xHeight="1"/></hh:font><hh:font id="1" face="함초롬바탕" type="TTF" isEmbedded="0"><hh:typeInfo familyType="FCAT_GOTHIC" weight="6" proportion="4" contrast="0" strokeVariation="1" armStyle="1" letterform="1" midline="1" xHeight="1"/></hh:font></hh:fontface></hh:fontfaces><hh:borderFills itemCnt="5"><hh:borderFill id="1" threeD="0" shadow="0" centerLine="NONE" breakCellSeparateLine="0"><hh:slash type="NONE" Crooked="0" isCounter="0"/><hh:backSlash type="NONE" Crooked="0" isCounter="0"/><hh:leftBorder type="NONE" width="0.1 mm" color="#000000"/><hh:rightBorder type="NONE" width="0.1 mm" color="#000000"/><hh:topBorder type="NONE" width="0.1 mm" color="#000000"/><hh:bottomBorder type="NONE" width="0.1 mm" color="#000000"/><hh:diagonal type="SOLID" width="0.1 mm" color="#000000"/></hh:borderFill><hh:borderFill id="2" threeD="0" shadow="0" centerLine="NONE" breakCellSeparateLine="0"><hh:slash type="NONE" Crooked="0" isCounter="0"/><hh:backSlash type="NONE" Crooked="0" isCounter="0"/><hh:leftBorder type="NONE" width="0.1 mm" color="#000000"/><hh:rightBorder type="NONE" width="0.1 mm" color="#000000"/><hh:topBorder type="NONE" width="0.1 mm" color="#000000"/><hh:bottomBorder type="NONE" width="0.1 mm" color="#000000"/><hh:diagonal type="SOLID" width="0.1 mm" color="#000000"/><hc:fillBrush><hc:winBrush faceColor="#FFFFFFFF" hatchColor="#999999" alpha="0"/></hc:fillBrush></hh:borderFill><hh:borderFill id="3" threeD="0" shadow="0" centerLine="NONE" breakCellSeparateLine="0"><hh:slash type="NONE" Crooked="0" isCounter="0"/><hh:backSlash type="NONE" Crooked="0" isCounter="0"/><hh:leftBorder type="SOLID" width="0.1 mm" color="#000000"/><hh:rightBorder type="SOLID" width="0.1 mm" color="#000000"/><hh:topBorder type="SOLID" width="0.1 mm" color="#000000"/><hh:bottomBorder type="SOLID" width="0.1 mm" color="#000000"/><hh:diagonal type="SOLID" width="0.1 mm" color="#000000"/><hc:fillBrush><hc:winBrush faceColor="#FFFFFFFF" hatchColor="#999999" alpha="0"/></hc:fillBrush></hh:borderFill><hh:borderFill id="4" threeD="0" shadow="0" centerLine="NONE" breakCellSeparateLine="0"><hh:slash type="NONE" Crooked="0" isCounter="0"/><hh:backSlash type="NONE" Crooked="0" isCounter="0"/><hh:leftBorder type="SOLID" width="0.12 mm" color="#000000"/><hh:rightBorder type="SOLID" width="0.12 mm" color="#000000"/><hh:topBorder type="SOLID" width="0.12 mm" color="#000000"/><hh:bottomBorder type="SOLID" width="0.12 mm" color="#000000"/><hh:diagonal type="SOLID" width="0.1 mm" color="#000000"/></hh:borderFill><hh:borderFill id="5" threeD="0" shadow="0" centerLine="NONE" breakCellSeparateLine="0"><hh:slash type="NONE" Crooked="0" isCounter="0"/><hh:backSlash type="NONE" Crooked="0" isCounter="0"/><hh:leftBorder type="SOLID" width="0.12 mm" color="#000000"/><hh:rightBorder type="SOLID" width="0.12 mm" color="#000000"/><hh:topBorder type="SOLID" width="0.12 mm" color="#000000"/><hh:bottomBorder type="SOLID" width="0.12 mm" color="#000000"/><hh:diagonal type="SOLID" width="0.1 mm" color="#000000"/><hc:fillBrush><hc:winBrush faceColor="#D68261" hatchColor="#999999" alpha="0"/></hc:fillBrush></hh:borderFill></hh:borderFills><hh:charProperties itemCnt="18"><hh:charPr id="0" height="1000" textColor="#000000" shadeColor="#FFFFFFFF" useFontSpace="0" useKerning="0" symMark="NONE" borderFillIDRef="2"><hh:fontRef hangul="1" latin="1" hanja="1" japanese="1" other="1" symbol="1" user="1"/><hh:ratio hangul="100" latin="100" hanja="100" japanese="100" other="100" symbol="100" user="100"/><hh:spacing hangul="0" latin="0" hanja="0" japanese="0" other="0" symbol="0" user="0"/><hh:relSz hangul="100" latin="100" hanja="100" japanese="100" other="100" symbol="100" user="100"/><hh:offset hangul="0" latin="0" hanja="0" japanese="0" other="0" symbol="0" user="0"/></hh:charPr><hh:charPr id="1" height="1000" textColor="#000000" shadeColor="#FFFFFFFF" useFontSpace="0" useKerning="0" symMark="NONE" borderFillIDRef="2"><hh:fontRef hangul="0" latin="0" hanja="0" japanese="0" other="0" symbol="0" user="0"/><hh:ratio hangul="100" latin="100" hanja="100" japanese="100" other="100" symbol="100" user="100"/><hh:spacing hangul="0" latin="0" hanja="0" japanese="0" other="0" symbol="0" user="0"/><hh:relSz hangul="100" latin="100" hanja="100" japanese="100" other="100" symbol="100" user="100"/><hh:offset hangul="0" latin="0" hanja="0" japanese="0" other="0" symbol="0" user="0"/></hh:charPr><hh:charPr id="2" height="900" textColor="#000000" shadeColor="#FFFFFFFF" useFontSpace="0" useKerning="0" symMark="NONE" borderFillIDRef="2"><hh:fontRef hangul="0" latin="0" hanja="0" japanese="0" other="0" symbol="0" user="0"/><hh:ratio hangul="100" latin="100" hanja="100" japanese="100" other="100" symbol="100" user="100"/><hh:spacing hangul="0" latin="0" hanja="0" japanese="0" other="0" symbol="0" user="0"/><hh:relSz hangul="100" latin="100" hanja="100" japanese="100" other="100" symbol="100" user="100"/><hh:offset hangul="0" latin="0" hanja="0" japanese="0" other="0" symbol="0" user="0"/></hh:charPr><hh:charPr id="3" height="900" textColor="#000000" shadeColor="#FFFFFFFF" useFontSpace="0" useKerning="0" symMark="NONE" borderFillIDRef="2"><hh:fontRef hangul="1" latin="1" hanja="1" japanese="1" other="1" symbol="1" user="1"/><hh:ratio hangul="100" latin="100" hanja="100" japanese="100" other="100" symbol="100" user="100"/><hh:spacing hangul="0" latin="0" hanja="0" japanese="0" other="0" symbol="0" user="0"/><hh:relSz hangul="100" latin="100" hanja="100" japanese="100" other="100" symbol="100" user="100"/><hh:offset hangul="0" latin="0" hanja="0" japanese="0" other="0" symbol="0" user="0"/></hh:charPr><hh:charPr id="4" height="900" textColor="#000000" shadeColor="#FFFFFFFF" useFontSpace="0" useKerning="0" symMark="NONE" borderFillIDRef="2"><hh:fontRef hangul="0" latin="0" hanja="0" japanese="0" other="0" symbol="0" user="0"/><hh:ratio hangul="100" latin="100" hanja="100" japanese="100" other="100" symbol="100" user="100"/><hh:spacing hangul="-5" latin="-5" hanja="-5" japanese="-5" other="-5" symbol="-5" user="-5"/><hh:relSz hangul="100" latin="100" hanja="100" japanese="100" other="100" symbol="100" user="100"/><hh:offset hangul="0" latin="0" hanja="0" japanese="0" other="0" symbol="0" user="0"/></hh:charPr><hh:charPr id="5" height="1600" textColor="#B5742E" shadeColor="#FFFFFFFF" useFontSpace="0" useKerning="0" symMark="NONE" borderFillIDRef="2"><hh:fontRef hangul="0" latin="0" hanja="0" japanese="0" other="0" symbol="0" user="0"/><hh:ratio hangul="100" latin="100" hanja="100" japanese="100" other="100" symbol="100" user="100"/><hh:spacing hangul="0" latin="0" hanja="0" japanese="0" other="0" symbol="0" user="0"/><hh:relSz hangul="100" latin="100" hanja="100" japanese="100" other="100" symbol="100" user="100"/><hh:offset hangul="0" latin="0" hanja="0" japanese="0" other="0" symbol="0" user="0"/></hh:charPr><hh:charPr id="6" height="1100" textColor="#000000" shadeColor="#FFFFFFFF" useFontSpace="0" useKerning="0" symMark="NONE" borderFillIDRef="2"><hh:fontRef hangul="0" latin="0" hanja="0" japanese="0" other="0" symbol="0" user="0"/><hh:ratio hangul="100" latin="100" hanja="100" japanese="100" other="100" symbol="100" user="100"/><hh:spacing hangul="0" latin="0" hanja="0" japanese="0" other="0" symbol="0" user="0"/><hh:relSz hangul="100" latin="100" hanja="100" japanese="100" other="100" symbol="100" user="100"/><hh:offset hangul="0" latin="0" hanja="0" japanese="0" other="0" symbol="0" user="0"/></hh:charPr><hh:charPr id="7" height="1000" textColor="#0000FF" shadeColor="#FFFFFFFF" useFontSpace="0" useKerning="0" symMark="NONE" borderFillIDRef="2"><hh:fontRef hangul="1" latin="1" hanja="1" japanese="1" other="1" symbol="1" user="1"/><hh:ratio hangul="100" latin="100" hanja="100" japanese="100" other="100" symbol="100" user="100"/><hh:spacing hangul="0" latin="0" hanja="0" japanese="0" other="0" symbol="0" user="0"/><hh:relSz hangul="100" latin="100" hanja="100" japanese="100" other="100" symbol="100" user="100"/><hh:offset hangul="0" latin="0" hanja="0" japanese="0" other="0" symbol="0" user="0"/></hh:charPr><hh:charPr id="8" height="1000" textColor="#000000" shadeColor="#FFFFFFFF" useFontSpace="0" useKerning="0" symMark="NONE" borderFillIDRef="2"><hh:fontRef hangul="1" latin="1" hanja="1" japanese="1" other="1" symbol="1" user="1"/><hh:ratio hangul="100" latin="100" hanja="100" japanese="100" other="100" symbol="100" user="100"/><hh:spacing hangul="-1" latin="-1" hanja="-1" japanese="-1" other="-1" symbol="-1" user="-1"/><hh:relSz hangul="100" latin="100" hanja="100" japanese="100" other="100" symbol="100" user="100"/><hh:offset hangul="0" latin="0" hanja="0" japanese="0" other="0" symbol="0" user="0"/></hh:charPr><hh:charPr id="9" height="1000" textColor="#FF0000" shadeColor="#FFFFFFFF" useFontSpace="0" useKerning="0" symMark="NONE" borderFillIDRef="2"><hh:fontRef hangul="1" latin="1" hanja="1" japanese="1" other="1" symbol="1" user="1"/><hh:ratio hangul="100" latin="100" hanja="100" japanese="100" other="100" symbol="100" user="100"/><hh:spacing hangul="0" latin="0" hanja="0" japanese="0" other="0" symbol="0" user="0"/><hh:relSz hangul="100" latin="100" hanja="100" japanese="100" other="100" symbol="100" user="100"/><hh:offset hangul="0" latin="0" hanja="0" japanese="0" other="0" symbol="0" user="0"/></hh:charPr><hh:charPr id="10" height="1000" textColor="#FFFFFF" shadeColor="#FFFFFFFF" useFontSpace="0" useKerning="0" symMark="NONE" borderFillIDRef="2"><hh:fontRef hangul="1" latin="1" hanja="1" japanese="1" other="1" symbol="1" user="1"/><hh:ratio hangul="100" latin="100" hanja="100" japanese="100" other="100" symbol="100" user="100"/><hh:spacing hangul="0" latin="0" hanja="0" japanese="0" other="0" symbol="0" user="0"/><hh:relSz hangul="100" latin="100" hanja="100" japanese="100" other="100" symbol="100" user="100"/><hh:offset hangul="0" latin="0" hanja="0" japanese="0" other="0" symbol="0" user="0"/></hh:charPr><hh:charPr id="11" height="1000" textColor="#000000" shadeColor="#FFFFFFFF" useFontSpace="0" useKerning="0" symMark="NONE" borderFillIDRef="2"><hh:fontRef hangul="1" latin="1" hanja="1" japanese="1" other="1" symbol="1" user="1"/><hh:ratio hangul="100" latin="100" hanja="100" japanese="100" other="100" symbol="100" user="100"/><hh:spacing hangul="0" latin="0" hanja="0" japanese="0" other="0" symbol="0" user="0"/><hh:relSz hangul="100" latin="100" hanja="100" japanese="100" other="100" symbol="100" user="100"/><hh:offset hangul="0" latin="0" hanja="0" japanese="0" other="0" symbol="0" user="0"/><hh:underline type="BOTTOM" shape="SOLID" color="#000000"/></hh:charPr><hh:charPr id="12" height="1000" textColor="#000000" shadeColor="#FFFFFFFF" useFontSpace="0" useKerning="0" symMark="NONE" borderFillIDRef="2"><hh:fontRef hangul="1" latin="1" hanja="1" japanese="1" other="1" symbol="1" user="1"/><hh:ratio hangul="100" latin="100" hanja="100" japanese="100" other="100" symbol="100" user="100"/><hh:spacing hangul="0" latin="0" hanja="0" japanese="0" other="0" symbol="0" user="0"/><hh:relSz hangul="100" latin="100" hanja="100" japanese="100" other="100" symbol="100" user="100"/><hh:offset hangul="0" latin="0" hanja="0" japanese="0" other="0" symbol="0" user="0"/><hh:italic/></hh:charPr><hh:charPr id="13" height="1000" textColor="#000000" shadeColor="#FFFFFFFF" useFontSpace="0" useKerning="0" symMark="NONE" borderFillIDRef="2"><hh:fontRef hangul="1" latin="1" hanja="1" japanese="1" other="1" symbol="1" user="1"/><hh:ratio hangul="100" latin="100" hanja="100" japanese="100" other="100" symbol="100" user="100"/><hh:spacing hangul="0" latin="0" hanja="0" japanese="0" other="0" symbol="0" user="0"/><hh:relSz hangul="100" latin="100" hanja="100" japanese="100" other="100" symbol="100" user="100"/><hh:offset hangul="0" latin="0" hanja="0" japanese="0" other="0" symbol="0" user="0"/><hh:bold/></hh:charPr><hh:charPr id="14" height="1000" textColor="#000000" shadeColor="#FFFFFFFF" useFontSpace="0" useKerning="0" symMark="NONE" borderFillIDRef="3"><hh:fontRef hangul="1" latin="1" hanja="1" japanese="1" other="1" symbol="1" user="1"/><hh:ratio hangul="100" latin="100" hanja="100" japanese="100" other="100" symbol="100" user="100"/><hh:spacing hangul="0" latin="0" hanja="0" japanese="0" other="0" symbol="0" user="0"/><hh:relSz hangul="100" latin="100" hanja="100" japanese="100" other="100" symbol="100" user="100"/><hh:offset hangul="0" latin="0" hanja="0" japanese="0" other="0" symbol="0" user="0"/></hh:charPr><hh:charPr id="15" height="1000" textColor="#000000" shadeColor="#FFFFFFFF" useFontSpace="0" useKerning="0" symMark="NONE" borderFillIDRef="2"><hh:fontRef hangul="1" latin="1" hanja="1" japanese="1" other="1" symbol="1" user="1"/><hh:ratio hangul="100" latin="100" hanja="100" japanese="100" other="100" symbol="100" user="100"/><hh:spacing hangul="0" latin="0" hanja="0" japanese="0" other="0" symbol="0" user="0"/><hh:relSz hangul="100" latin="100" hanja="100" japanese="100" other="100" symbol="100" user="100"/><hh:offset hangul="0" latin="0" hanja="0" japanese="0" other="0" symbol="0" user="0"/><hh:strikeout shape="SOLID" color="#000000"/></hh:charPr><hh:charPr id="16" height="1000" textColor="#000000" shadeColor="#FFFFFFFF" useFontSpace="0" useKerning="0" symMark="NONE" borderFillIDRef="2"><hh:fontRef hangul="1" latin="1" hanja="1" japanese="1" other="1" symbol="1" user="1"/><hh:ratio hangul="100" latin="100" hanja="100" japanese="100" other="100" symbol="100" user="100"/><hh:spacing hangul="10" latin="10" hanja="10" japanese="10" other="10" symbol="10" user="10"/><hh:relSz hangul="100" latin="100" hanja="100" japanese="100" other="100" symbol="100" user="100"/><hh:offset hangul="0" latin="0" hanja="0" japanese="0" other="0" symbol="0" user="0"/></hh:charPr><hh:charPr id="17" height="1000" textColor="#000000" shadeColor="#FFFFFFFF" useFontSpace="0" useKerning="0" symMark="NONE" borderFillIDRef="2"><hh:fontRef hangul="1" latin="1" hanja="1" japanese="1" other="1" symbol="1" user="1"/><hh:ratio hangul="100" latin="100" hanja="100" japanese="100" other="100" symbol="100" user="100"/><hh:spacing hangul="-10" latin="-10" hanja="-10" japanese="-10" other="-10" symbol="-10" user="-10"/><hh:relSz hangul="100" latin="100" hanja="100" japanese="100" other="100" symbol="100" user="100"/><hh:offset hangul="0" latin="0" hanja="0" japanese="0" other="0" symbol="0" user="0"/></hh:charPr></hh:charProperties><hh:tabProperties itemCnt="3"><hh:tabPr id="0" autoTabLeft="0" autoTabRight="0"/><hh:tabPr id="1" autoTabLeft="1" autoTabRight="0"/><hh:tabPr id="2" autoTabLeft="0" autoTabRight="1"/></hh:tabProperties><hh:numberings itemCnt="1"><hh:numbering id="1" start="0"><hh:paraHead start="1" level="1" align="LEFT" useInstWidth="1" autoIndent="1" widthAdjust="0" textOffsetType="PERCENT" textOffset="50" numFormat="DIGIT" charPrIDRef="4294967295" checkable="0">^1.</hh:paraHead><hh:paraHead start="1" level="2" align="LEFT" useInstWidth="1" autoIndent="1" widthAdjust="0" textOffsetType="PERCENT" textOffset="50" numFormat="HANGUL_SYLLABLE" charPrIDRef="4294967295" checkable="0">^2.</hh:paraHead><hh:paraHead start="1" level="3" align="LEFT" useInstWidth="1" autoIndent="1" widthAdjust="0" textOffsetType="PERCENT" textOffset="50" numFormat="DIGIT" charPrIDRef="4294967295" checkable="0">^3)</hh:paraHead><hh:paraHead start="1" level="4" align="LEFT" useInstWidth="1" autoIndent="1" widthAdjust="0" textOffsetType="PERCENT" textOffset="50" numFormat="HANGUL_SYLLABLE" charPrIDRef="4294967295" checkable="0">^4)</hh:paraHead><hh:paraHead start="1" level="5" align="LEFT" useInstWidth="1" autoIndent="1" widthAdjust="0" textOffsetType="PERCENT" textOffset="50" numFormat="DIGIT" charPrIDRef="4294967295" checkable="0">(^5)</hh:paraHead><hh:paraHead start="1" level="6" align="LEFT" useInstWidth="1" autoIndent="1" widthAdjust="0" textOffsetType="PERCENT" textOffset="50" numFormat="HANGUL_SYLLABLE" charPrIDRef="4294967295" checkable="0">(^6)</hh:paraHead><hh:paraHead start="1" level="7" align="LEFT" useInstWidth="1" autoIndent="1" widthAdjust="0" textOffsetType="PERCENT" textOffset="50" numFormat="CIRCLED_DIGIT" charPrIDRef="4294967295" checkable="1">^7</hh:paraHead><hh:paraHead start="1" level="8" align="LEFT" useInstWidth="0" autoIndent="1" widthAdjust="0" textOffsetType="PERCENT" textOffset="50" numFormat="DIGIT" charPrIDRef="4294967295" checkable="0"/><hh:paraHead start="1" level="9" align="LEFT" useInstWidth="0" autoIndent="1" widthAdjust="0" textOffsetType="PERCENT" textOffset="50" numFormat="DIGIT" charPrIDRef="4294967295" checkable="0"/><hh:paraHead start="1" level="10" align="LEFT" useInstWidth="0" autoIndent="1" widthAdjust="0" textOffsetType="PERCENT" textOffset="50" numFormat="DIGIT" charPrIDRef="4294967295" checkable="0"/></hh:numbering></hh:numberings><hh:paraProperties itemCnt="19"><hh:paraPr id="0" tabPrIDRef="0" condense="0" fontLineHeight="0" snapToGrid="1" suppressLineNumbers="0" checked="0"><hh:align horizontal="JUSTIFY" vertical="BASELINE"/><hh:heading type="NONE" idRef="0" level="0"/><hh:breakSetting breakLatinWord="KEEP_WORD" breakNonLatinWord="KEEP_WORD" widowOrphan="0" keepWithNext="0" keepLines="0" pageBreakBefore="0" lineWrap="BREAK"/><hh:autoSpacing eAsianEng="0" eAsianNum="0"/><hh:margin><hc:intent value="0" unit="HWPUNIT"/><hc:left value="0" unit="HWPUNIT"/><hc:right value="0" unit="HWPUNIT"/><hc:prev value="0" unit="HWPUNIT"/><hc:next value="0" unit="HWPUNIT"/></hh:margin><hh:lineSpacing type="PERCENT" value="160" unit="HWPUNIT"/><hh:border borderFillIDRef="2" offsetLeft="0" offsetRight="0" offsetTop="0" offsetBottom="0" connect="0" ignoreMargin="0"/></hh:paraPr><hh:paraPr id="1" tabPrIDRef="0" condense="0" fontLineHeight="0" snapToGrid="1" suppressLineNumbers="0" checked="0"><hh:align horizontal="JUSTIFY" vertical="BASELINE"/><hh:heading type="NONE" idRef="0" level="0"/><hh:breakSetting breakLatinWord="KEEP_WORD" breakNonLatinWord="KEEP_WORD" widowOrphan="0" keepWithNext="0" keepLines="0" pageBreakBefore="0" lineWrap="BREAK"/><hh:autoSpacing eAsianEng="0" eAsianNum="0"/><hh:margin><hc:intent value="0" unit="HWPUNIT"/><hc:left value="3000" unit="HWPUNIT"/><hc:right value="0" unit="HWPUNIT"/><hc:prev value="0" unit="HWPUNIT"/><hc:next value="0" unit="HWPUNIT"/></hh:margin><hh:lineSpacing type="PERCENT" value="160" unit="HWPUNIT"/><hh:border borderFillIDRef="2" offsetLeft="0" offsetRight="0" offsetTop="0" offsetBottom="0" connect="0" ignoreMargin="0"/></hh:paraPr><hh:paraPr id="2" tabPrIDRef="1" condense="20" fontLineHeight="0" snapToGrid="1" suppressLineNumbers="0" checked="0"><hh:align horizontal="JUSTIFY" vertical="BASELINE"/><hh:heading type="OUTLINE" idRef="0" level="0"/><hh:breakSetting breakLatinWord="KEEP_WORD" breakNonLatinWord="KEEP_WORD" widowOrphan="0" keepWithNext="0" keepLines="0" pageBreakBefore="0" lineWrap="BREAK"/><hh:autoSpacing eAsianEng="0" eAsianNum="0"/><hh:margin><hc:intent value="0" unit="HWPUNIT"/><hc:left value="2000" unit="HWPUNIT"/><hc:right value="0" unit="HWPUNIT"/><hc:prev value="0" unit="HWPUNIT"/><hc:next value="0" unit="HWPUNIT"/></hh:margin><hh:lineSpacing type="PERCENT" value="160" unit="HWPUNIT"/><hh:border borderFillIDRef="2" offsetLeft="0" offsetRight="0" offsetTop="0" offsetBottom="0" connect="0" ignoreMargin="0"/></hh:paraPr><hh:paraPr id="3" tabPrIDRef="1" condense="20" fontLineHeight="0" snapToGrid="1" suppressLineNumbers="0" checked="0"><hh:align horizontal="JUSTIFY" vertical="BASELINE"/><hh:heading type="OUTLINE" idRef="0" level="1"/><hh:breakSetting breakLatinWord="KEEP_WORD" breakNonLatinWord="KEEP_WORD" widowOrphan="0" keepWithNext="0" keepLines="0" pageBreakBefore="0" lineWrap="BREAK"/><hh:autoSpacing eAsianEng="0" eAsianNum="0"/><hh:margin><hc:intent value="0" unit="HWPUNIT"/><hc:left value="4000" unit="HWPUNIT"/><hc:right value="0" unit="HWPUNIT"/><hc:prev value="0" unit="HWPUNIT"/><hc:next value="0" unit="HWPUNIT"/></hh:margin><hh:lineSpacing type="PERCENT" value="160" unit="HWPUNIT"/><hh:border borderFillIDRef="2" offsetLeft="0" offsetRight="0" offsetTop="0" offsetBottom="0" connect="0" ignoreMargin="0"/></hh:paraPr><hh:paraPr id="4" tabPrIDRef="1" condense="20" fontLineHeight="0" snapToGrid="1" suppressLineNumbers="0" checked="0"><hh:align horizontal="JUSTIFY" vertical="BASELINE"/><hh:heading type="OUTLINE" idRef="0" level="2"/><hh:breakSetting breakLatinWord="KEEP_WORD" breakNonLatinWord="KEEP_WORD" widowOrphan="0" keepWithNext="0" keepLines="0" pageBreakBefore="0" lineWrap="BREAK"/><hh:autoSpacing eAsianEng="0" eAsianNum="0"/><hh:margin><hc:intent value="0" unit="HWPUNIT"/><hc:left value="6000" unit="HWPUNIT"/><hc:right value="0" unit="HWPUNIT"/><hc:prev value="0" unit="HWPUNIT"/><hc:next value="0" unit="HWPUNIT"/></hh:margin><hh:lineSpacing type="PERCENT" value="160" unit="HWPUNIT"/><hh:border borderFillIDRef="2" offsetLeft="0" offsetRight="0" offsetTop="0" offsetBottom="0" connect="0" ignoreMargin="0"/></hh:paraPr><hh:paraPr id="5" tabPrIDRef="1" condense="20" fontLineHeight="0" snapToGrid="1" suppressLineNumbers="0" checked="0"><hh:align horizontal="JUSTIFY" vertical="BASELINE"/><hh:heading type="OUTLINE" idRef="0" level="3"/><hh:breakSetting breakLatinWord="KEEP_WORD" breakNonLatinWord="KEEP_WORD" widowOrphan="0" keepWithNext="0" keepLines="0" pageBreakBefore="0" lineWrap="BREAK"/><hh:autoSpacing eAsianEng="0" eAsianNum="0"/><hh:margin><hc:intent value="0" unit="HWPUNIT"/><hc:left value="8000" unit="HWPUNIT"/><hc:right value="0" unit="HWPUNIT"/><hc:prev value="0" unit="HWPUNIT"/><hc:next value="0" unit="HWPUNIT"/></hh:margin><hh:lineSpacing type="PERCENT" value="160" unit="HWPUNIT"/><hh:border borderFillIDRef="2" offsetLeft="0" offsetRight="0" offsetTop="0" offsetBottom="0" connect="0" ignoreMargin="0"/></hh:paraPr><hh:paraPr id="6" tabPrIDRef="1" condense="20" fontLineHeight="0" snapToGrid="1" suppressLineNumbers="0" checked="0"><hh:align horizontal="JUSTIFY" vertical="BASELINE"/><hh:heading type="OUTLINE" idRef="0" level="4"/><hh:breakSetting breakLatinWord="KEEP_WORD" breakNonLatinWord="KEEP_WORD" widowOrphan="0" keepWithNext="0" keepLines="0" pageBreakBefore="0" lineWrap="BREAK"/><hh:autoSpacing eAsianEng="0" eAsianNum="0"/><hh:margin><hc:intent value="0" unit="HWPUNIT"/><hc:left value="10000" unit="HWPUNIT"/><hc:right value="0" unit="HWPUNIT"/><hc:prev value="0" unit="HWPUNIT"/><hc:next value="0" unit="HWPUNIT"/></hh:margin><hh:lineSpacing type="PERCENT" value="160" unit="HWPUNIT"/><hh:border borderFillIDRef="2" offsetLeft="0" offsetRight="0" offsetTop="0" offsetBottom="0" connect="0" ignoreMargin="0"/></hh:paraPr><hh:paraPr id="7" tabPrIDRef="1" condense="20" fontLineHeight="0" snapToGrid="1" suppressLineNumbers="0" checked="0"><hh:align horizontal="JUSTIFY" vertical="BASELINE"/><hh:heading type="OUTLINE" idRef="0" level="5"/><hh:breakSetting breakLatinWord="KEEP_WORD" breakNonLatinWord="KEEP_WORD" widowOrphan="0" keepWithNext="0" keepLines="0" pageBreakBefore="0" lineWrap="BREAK"/><hh:autoSpacing eAsianEng="0" eAsianNum="0"/><hh:margin><hc:intent value="0" unit="HWPUNIT"/><hc:left value="12000" unit="HWPUNIT"/><hc:right value="0" unit="HWPUNIT"/><hc:prev value="0" unit="HWPUNIT"/><hc:next value="0" unit="HWPUNIT"/></hh:margin><hh:lineSpacing type="PERCENT" value="160" unit="HWPUNIT"/><hh:border borderFillIDRef="2" offsetLeft="0" offsetRight="0" offsetTop="0" offsetBottom="0" connect="0" ignoreMargin="0"/></hh:paraPr><hh:paraPr id="8" tabPrIDRef="1" condense="20" fontLineHeight="0" snapToGrid="1" suppressLineNumbers="0" checked="0"><hh:align horizontal="JUSTIFY" vertical="BASELINE"/><hh:heading type="OUTLINE" idRef="0" level="6"/><hh:breakSetting breakLatinWord="KEEP_WORD" breakNonLatinWord="KEEP_WORD" widowOrphan="0" keepWithNext="0" keepLines="0" pageBreakBefore="0" lineWrap="BREAK"/><hh:autoSpacing eAsianEng="0" eAsianNum="0"/><hh:margin><hc:intent value="0" unit="HWPUNIT"/><hc:left value="14000" unit="HWPUNIT"/><hc:right value="0" unit="HWPUNIT"/><hc:prev value="0" unit="HWPUNIT"/><hc:next value="0" unit="HWPUNIT"/></hh:margin><hh:lineSpacing type="PERCENT" value="160" unit="HWPUNIT"/><hh:border borderFillIDRef="2" offsetLeft="0" offsetRight="0" offsetTop="0" offsetBottom="0" connect="0" ignoreMargin="0"/></hh:paraPr><hh:paraPr id="9" tabPrIDRef="0" condense="0" fontLineHeight="0" snapToGrid="1" suppressLineNumbers="0" checked="0"><hh:align horizontal="JUSTIFY" vertical="BASELINE"/><hh:heading type="NONE" idRef="0" level="0"/><hh:breakSetting breakLatinWord="KEEP_WORD" breakNonLatinWord="BREAK_WORD" widowOrphan="0" keepWithNext="0" keepLines="0" pageBreakBefore="0" lineWrap="BREAK"/><hh:autoSpacing eAsianEng="0" eAsianNum="0"/><hh:margin><hc:intent value="0" unit="HWPUNIT"/><hc:left value="0" unit="HWPUNIT"/><hc:right value="0" unit="HWPUNIT"/><hc:prev value="0" unit="HWPUNIT"/><hc:next value="0" unit="HWPUNIT"/></hh:margin><hh:lineSpacing type="PERCENT" value="150" unit="HWPUNIT"/><hh:border borderFillIDRef="2" offsetLeft="0" offsetRight="0" offsetTop="0" offsetBottom="0" connect="0" ignoreMargin="0"/></hh:paraPr><hh:paraPr id="10" tabPrIDRef="0" condense="0" fontLineHeight="0" snapToGrid="1" suppressLineNumbers="0" checked="0"><hh:align horizontal="JUSTIFY" vertical="BASELINE"/><hh:heading type="NONE" idRef="0" level="0"/><hh:breakSetting breakLatinWord="KEEP_WORD" breakNonLatinWord="KEEP_WORD" widowOrphan="0" keepWithNext="0" keepLines="0" pageBreakBefore="0" lineWrap="BREAK"/><hh:autoSpacing eAsianEng="0" eAsianNum="0"/><hh:margin><hc:intent value="-2620" unit="HWPUNIT"/><hc:left value="0" unit="HWPUNIT"/><hc:right value="0" unit="HWPUNIT"/><hc:prev value="0" unit="HWPUNIT"/><hc:next value="0" unit="HWPUNIT"/></hh:margin><hh:lineSpacing type="PERCENT" value="130" unit="HWPUNIT"/><hh:border borderFillIDRef="2" offsetLeft="0" offsetRight="0" offsetTop="0" offsetBottom="0" connect="0" ignoreMargin="0"/></hh:paraPr><hh:paraPr id="11" tabPrIDRef="0" condense="0" fontLineHeight="0" snapToGrid="1" suppressLineNumbers="0" checked="0"><hh:align horizontal="LEFT" vertical="BASELINE"/><hh:heading type="NONE" idRef="0" level="0"/><hh:breakSetting breakLatinWord="KEEP_WORD" breakNonLatinWord="BREAK_WORD" widowOrphan="0" keepWithNext="0" keepLines="0" pageBreakBefore="0" lineWrap="BREAK"/><hh:autoSpacing eAsianEng="0" eAsianNum="0"/><hh:margin><hc:intent value="0" unit="HWPUNIT"/><hc:left value="0" unit="HWPUNIT"/><hc:right value="0" unit="HWPUNIT"/><hc:prev value="0" unit="HWPUNIT"/><hc:next value="0" unit="HWPUNIT"/></hh:margin><hh:lineSpacing type="PERCENT" value="130" unit="HWPUNIT"/><hh:border borderFillIDRef="2" offsetLeft="0" offsetRight="0" offsetTop="0" offsetBottom="0" connect="0" ignoreMargin="0"/></hh:paraPr><hh:paraPr id="12" tabPrIDRef="1" condense="20" fontLineHeight="0" snapToGrid="1" suppressLineNumbers="0" checked="0"><hh:align horizontal="LEFT" vertical="BASELINE"/><hh:heading type="NONE" idRef="0" level="0"/><hh:breakSetting breakLatinWord="KEEP_WORD" breakNonLatinWord="BREAK_WORD" widowOrphan="0" keepWithNext="0" keepLines="0" pageBreakBefore="0" lineWrap="BREAK"/><hh:autoSpacing eAsianEng="0" eAsianNum="0"/><hh:margin><hc:intent value="0" unit="HWPUNIT"/><hc:left value="0" unit="HWPUNIT"/><hc:right value="0" unit="HWPUNIT"/><hc:prev value="2400" unit="HWPUNIT"/><hc:next value="600" unit="HWPUNIT"/></hh:margin><hh:lineSpacing type="PERCENT" value="160" unit="HWPUNIT"/><hh:border borderFillIDRef="2" offsetLeft="0" offsetRight="0" offsetTop="0" offsetBottom="0" connect="0" ignoreMargin="0"/></hh:paraPr><hh:paraPr id="13" tabPrIDRef="2" condense="0" fontLineHeight="0" snapToGrid="1" suppressLineNumbers="0" checked="0"><hh:align horizontal="LEFT" vertical="BASELINE"/><hh:heading type="NONE" idRef="0" level="0"/><hh:breakSetting breakLatinWord="KEEP_WORD" breakNonLatinWord="BREAK_WORD" widowOrphan="0" keepWithNext="0" keepLines="0" pageBreakBefore="0" lineWrap="BREAK"/><hh:autoSpacing eAsianEng="0" eAsianNum="0"/><hh:margin><hc:intent value="0" unit="HWPUNIT"/><hc:left value="0" unit="HWPUNIT"/><hc:right value="0" unit="HWPUNIT"/><hc:prev value="0" unit="HWPUNIT"/><hc:next value="1400" unit="HWPUNIT"/></hh:margin><hh:lineSpacing type="PERCENT" value="160" unit="HWPUNIT"/><hh:border borderFillIDRef="2" offsetLeft="0" offsetRight="0" offsetTop="0" offsetBottom="0" connect="0" ignoreMargin="0"/></hh:paraPr><hh:paraPr id="14" tabPrIDRef="2" condense="0" fontLineHeight="0" snapToGrid="1" suppressLineNumbers="0" checked="0"><hh:align horizontal="LEFT" vertical="BASELINE"/><hh:heading type="NONE" idRef="0" level="0"/><hh:breakSetting breakLatinWord="KEEP_WORD" breakNonLatinWord="BREAK_WORD" widowOrphan="0" keepWithNext="0" keepLines="0" pageBreakBefore="0" lineWrap="BREAK"/><hh:autoSpacing eAsianEng="0" eAsianNum="0"/><hh:margin><hc:intent value="0" unit="HWPUNIT"/><hc:left value="2200" unit="HWPUNIT"/><hc:right value="0" unit="HWPUNIT"/><hc:prev value="0" unit="HWPUNIT"/><hc:next value="1400" unit="HWPUNIT"/></hh:margin><hh:lineSpacing type="PERCENT" value="160" unit="HWPUNIT"/><hh:border borderFillIDRef="2" offsetLeft="0" offsetRight="0" offsetTop="0" offsetBottom="0" connect="0" ignoreMargin="0"/></hh:paraPr><hh:paraPr id="15" tabPrIDRef="2" condense="0" fontLineHeight="0" snapToGrid="1" suppressLineNumbers="0" checked="0"><hh:align horizontal="LEFT" vertical="BASELINE"/><hh:heading type="NONE" idRef="0" level="0"/><hh:breakSetting breakLatinWord="KEEP_WORD" breakNonLatinWord="BREAK_WORD" widowOrphan="0" keepWithNext="0" keepLines="0" pageBreakBefore="0" lineWrap="BREAK"/><hh:autoSpacing eAsianEng="0" eAsianNum="0"/><hh:margin><hc:intent value="0" unit="HWPUNIT"/><hc:left value="4400" unit="HWPUNIT"/><hc:right value="0" unit="HWPUNIT"/><hc:prev value="0" unit="HWPUNIT"/><hc:next value="1400" unit="HWPUNIT"/></hh:margin><hh:lineSpacing type="PERCENT" value="160" unit="HWPUNIT"/><hh:border borderFillIDRef="2" offsetLeft="0" offsetRight="0" offsetTop="0" offsetBottom="0" connect="0" ignoreMargin="0"/></hh:paraPr><hh:paraPr id="16" tabPrIDRef="1" condense="0" fontLineHeight="0" snapToGrid="1" suppressLineNumbers="0" checked="0"><hh:align horizontal="JUSTIFY" vertical="BASELINE"/><epub:switch><epub:case epub:required-namespace="http://www.hancom.co.kr/hwpml/2016/paragraph"><hh:heading type="OUTLINE" idRef="0" level="8"/></epub:case><epub:default><hh:heading type="NONE" idRef="0" level="0"/></epub:default></epub:switch><hh:breakSetting breakLatinWord="KEEP_WORD" breakNonLatinWord="KEEP_WORD" widowOrphan="0" keepWithNext="0" keepLines="0" pageBreakBefore="0" lineWrap="BREAK"/><hh:autoSpacing eAsianEng="0" eAsianNum="0"/><hh:margin><hc:intent value="0" unit="HWPUNIT"/><hc:left value="18000" unit="HWPUNIT"/><hc:right value="0" unit="HWPUNIT"/><hc:prev value="0" unit="HWPUNIT"/><hc:next value="0" unit="HWPUNIT"/></hh:margin><hh:lineSpacing type="PERCENT" value="160" unit="HWPUNIT"/><hh:border borderFillIDRef="2" offsetLeft="0" offsetRight="0" offsetTop="0" offsetBottom="0" connect="0" ignoreMargin="0"/></hh:paraPr><hh:paraPr id="17" tabPrIDRef="1" condense="0" fontLineHeight="0" snapToGrid="1" suppressLineNumbers="0" checked="0"><hh:align horizontal="JUSTIFY" vertical="BASELINE"/><epub:switch><epub:case epub:required-namespace="http://www.hancom.co.kr/hwpml/2016/paragraph"><hh:heading type="OUTLINE" idRef="0" level="9"/></epub:case><epub:default><hh:heading type="NONE" idRef="0" level="0"/></epub:default></epub:switch><hh:breakSetting breakLatinWord="KEEP_WORD" breakNonLatinWord="KEEP_WORD" widowOrphan="0" keepWithNext="0" keepLines="0" pageBreakBefore="0" lineWrap="BREAK"/><hh:autoSpacing eAsianEng="0" eAsianNum="0"/><hh:margin><hc:intent value="0" unit="HWPUNIT"/><hc:left value="20000" unit="HWPUNIT"/><hc:right value="0" unit="HWPUNIT"/><hc:prev value="0" unit="HWPUNIT"/><hc:next value="0" unit="HWPUNIT"/></hh:margin><hh:lineSpacing type="PERCENT" value="160" unit="HWPUNIT"/><hh:border borderFillIDRef="2" offsetLeft="0" offsetRight="0" offsetTop="0" offsetBottom="0" connect="0" ignoreMargin="0"/></hh:paraPr><hh:paraPr id="18" tabPrIDRef="1" condense="0" fontLineHeight="0" snapToGrid="1" suppressLineNumbers="0" checked="0"><hh:align horizontal="JUSTIFY" vertical="BASELINE"/><epub:switch><epub:case epub:required-namespace="http://www.hancom.co.kr/hwpml/2016/paragraph"><hh:heading type="OUTLINE" idRef="0" level="7"/></epub:case><epub:default><hh:heading type="NONE" idRef="0" level="0"/></epub:default></epub:switch><hh:breakSetting breakLatinWord="KEEP_WORD" breakNonLatinWord="KEEP_WORD" widowOrphan="0" keepWithNext="0" keepLines="0" pageBreakBefore="0" lineWrap="BREAK"/><hh:autoSpacing eAsianEng="0" eAsianNum="0"/><hh:margin><hc:intent value="0" unit="HWPUNIT"/><hc:left value="16000" unit="HWPUNIT"/><hc:right value="0" unit="HWPUNIT"/><hc:prev value="0" unit="HWPUNIT"/><hc:next value="0" unit="HWPUNIT"/></hh:margin><hh:lineSpacing type="PERCENT" value="160" unit="HWPUNIT"/><hh:border borderFillIDRef="2" offsetLeft="0" offsetRight="0" offsetTop="0" offsetBottom="0" connect="0" ignoreMargin="0"/></hh:paraPr></hh:paraProperties><hh:styles itemCnt="21"><hh:style id="0" type="PARA" name="바탕글" engName="Normal" paraPrIDRef="0" charPrIDRef="0" nextStyleIDRef="0" langID="1042" lockForm="0"/><hh:style id="1" type="PARA" name="본문" engName="Body" paraPrIDRef="1" charPrIDRef="0" nextStyleIDRef="1" langID="1042" lockForm="0"/><hh:style id="2" type="PARA" name="개요 1" engName="Outline 1" paraPrIDRef="2" charPrIDRef="0" nextStyleIDRef="2" langID="1042" lockForm="0"/><hh:style id="3" type="PARA" name="개요 2" engName="Outline 2" paraPrIDRef="3" charPrIDRef="0" nextStyleIDRef="3" langID="1042" lockForm="0"/><hh:style id="4" type="PARA" name="개요 3" engName="Outline 3" paraPrIDRef="4" charPrIDRef="0" nextStyleIDRef="4" langID="1042" lockForm="0"/><hh:style id="5" type="PARA" name="개요 4" engName="Outline 4" paraPrIDRef="5" charPrIDRef="0" nextStyleIDRef="5" langID="1042" lockForm="0"/><hh:style id="6" type="PARA" name="개요 5" engName="Outline 5" paraPrIDRef="6" charPrIDRef="0" nextStyleIDRef="6" langID="1042" lockForm="0"/><hh:style id="7" type="PARA" name="개요 6" engName="Outline 6" paraPrIDRef="7" charPrIDRef="0" nextStyleIDRef="7" langID="1042" lockForm="0"/><hh:style id="8" type="PARA" name="개요 7" engName="Outline 7" paraPrIDRef="8" charPrIDRef="0" nextStyleIDRef="8" langID="1042" lockForm="0"/><hh:style id="9" type="PARA" name="개요 8" engName="Outline 8" paraPrIDRef="18" charPrIDRef="0" nextStyleIDRef="9" langID="1042" lockForm="0"/><hh:style id="10" type="PARA" name="개요 9" engName="Outline 9" paraPrIDRef="16" charPrIDRef="0" nextStyleIDRef="10" langID="1042" lockForm="0"/><hh:style id="11" type="PARA" name="개요 10" engName="Outline 10" paraPrIDRef="17" charPrIDRef="0" nextStyleIDRef="11" langID="1042" lockForm="0"/><hh:style id="12" type="CHAR" name="쪽 번호" engName="Page Number" paraPrIDRef="0" charPrIDRef="1" nextStyleIDRef="0" langID="1042" lockForm="0"/><hh:style id="13" type="PARA" name="머리말" engName="Header" paraPrIDRef="9" charPrIDRef="2" nextStyleIDRef="13" langID="1042" lockForm="0"/><hh:style id="14" type="PARA" name="각주" engName="Footnote" paraPrIDRef="10" charPrIDRef="3" nextStyleIDRef="14" langID="1042" lockForm="0"/><hh:style id="15" type="PARA" name="미주" engName="Endnote" paraPrIDRef="10" charPrIDRef="3" nextStyleIDRef="15" langID="1042" lockForm="0"/><hh:style id="16" type="PARA" name="메모" engName="Memo" paraPrIDRef="11" charPrIDRef="4" nextStyleIDRef="16" langID="1042" lockForm="0"/><hh:style id="17" type="PARA" name="차례 제목" engName="TOC Heading" paraPrIDRef="12" charPrIDRef="5" nextStyleIDRef="17" langID="1042" lockForm="0"/><hh:style id="18" type="PARA" name="차례 1" engName="TOC 1" paraPrIDRef="13" charPrIDRef="6" nextStyleIDRef="18" langID="1042" lockForm="0"/><hh:style id="19" type="PARA" name="차례 2" engName="TOC 2" paraPrIDRef="14" charPrIDRef="6" nextStyleIDRef="19" langID="1042" lockForm="0"/><hh:style id="20" type="PARA" name="차례 3" engName="TOC 3" paraPrIDRef="15" charPrIDRef="6" nextStyleIDRef="20" langID="1042" lockForm="0"/></hh:styles></hh:refList><hh:compatibleDocument targetProgram="HWP201X"><hh:layoutCompatibility/></hh:compatibleDocument><hh:docOption><hh:linkinfo path="" pageInherit="0" footnoteInherit="0"/></hh:docOption><hh:trackchageConfig flags="56"/></hh:head>