<?xml version="1.0" encoding="UTF-8" standalone="yes" ?><hs:sec xmlns:ha="http://www.hancom.co.kr/hwpml/2011/app" xmlns:hp="http://www.hancom.co.kr/hwpml/2011/paragraph" xmlns:hp10="http://www.hancom.co.kr/hwpml/2016/paragraph" xmlns:hs="http://www.hancom.co.kr/hwpml/2011/section" xmlns:hc="http://www.hancom.co.kr/hwpml/2011/core" xmlns:hh="http://www.hancom.co.kr/hwpml/2011/head" xmlns:hhs="http://www.hancom.co.kr/hwpml/2011/history" xmlns:hm="http://www.hancom.co.kr/hwpml/2011/master-page" xmlns:hpf="http://www.hancom.co.kr/schema/2011/hpf" xmlns:dc="http://purl.org/dc/elements/1.1/" xmlns:opf="http://www.idpf.org/2007/opf/" xmlns:ooxmlchart="http://www.hancom.co.kr/hwpml/2016/ooxmlchart" xmlns:epub="http://www.idpf.org/2007/ops" xmlns:config="urn:oasis:names:tc:opendocument:xmlns:config:1.0"><hp:p id="2613180041" paraPrIDRef="0" styleIDRef="0" pageBreak="0" columnBreak="0" merged="0"><hp:run charPrIDRef="7"><hp:secPr id="" textDirection="HORIZONTAL" spaceColumns="1134" tabStop="8000" outlineShapeIDRef="1" memoShapeIDRef="0" textVerticalWidthHead="0" masterPageCnt="0"><hp:grid lineGrid="0" charGrid="0" wonggojiFormat="0"/><hp:startNum pageStartsOn="BOTH" page="0" pic="0" tbl="0" equation="0"/><hp:visibility hideFirstHeader="0" hideFirstFooter="0" hideFirstMasterPage="0" border="SHOW_ALL" fill="SHOW_ALL" hideFirstPageNum="0" hideFirstEmptyLine="0" showLineNumber="0"/><hp:lineNumberShape restartType="0" countBy="0" distance="0" startNumber="0"/><hp:pagePr landscape="WIDELY" width="59528" height="84186" gutterType="LEFT_ONLY"><hp:margin header="4252" footer="4252" gutter="0" left="8504" right="8504" top="5668" bottom="4252"/></hp:pagePr><hp:footNotePr><hp:autoNumFormat type="DIGIT" userChar="" prefixChar="" suffixChar=")" supscript="0"/><hp:noteLine length="-1" type="SOLID" width="0.12 mm" color="#000000"/><hp:noteSpacing betweenNotes="283" belowLine="567" aboveLine="850"/><hp:numbering type="CONTINUOUS" newNum="1"/><hp:placement place="EACH_COLUMN" beneathText="0"/></hp:footNotePr><hp:endNotePr><hp:autoNumFormat type="DIGIT" userChar="" prefixChar="" suffixChar=")" supscript="0"/><hp:noteLine length="14692344" type="SOLID" width="0.12 mm" color="#000000"/><hp:noteSpacing betweenNotes="0" belowLine="567" aboveLine="850"/><hp:numbering type="CONTINUOUS" newNum="1"/><hp:placement place="END_OF_DOCUMENT" beneathText="0"/></hp:endNotePr><hp:pageBorderFill type="BOTH" borderFillIDRef="1" textBorder="PAPER" headerInside="0" footerInside="0" fillArea="PAPER"><hp:offset left="1417" right="1417" top="1417" bottom="1417"/></hp:pageBorderFill><hp:pageBorderFill type="EVEN" borderFillIDRef="1" textBorder="PAPER" headerInside="0" footerInside="0" fillArea="PAPER"><hp:offset left="1417" right="1417" top="1417" bottom="1417"/></hp:pageBorderFill><hp:pageBorderFill type="ODD" borderFillIDRef="1" textBorder="PAPER" headerInside="0" footerInside="0" fillArea="PAPER"><hp:offset left="1417" right="1417" top="1417" bottom="1417"/></hp:pageBorderFill></hp:secPr><hp:ctrl><hp:colPr id="" type="NEWSPAPER" layout="LEFT" colCount="1" sameSz="1" sameGap="0"/></hp:ctrl></hp:run><hp:run charPrIDRef="7"><hp:t>첫줄</hp:t></hp:run><hp:linesegarray><hp:lineseg textpos="0" vertpos="0" vertsize="1000" textheight="1000" baseline="850" spacing="600" horzpos="0" horzsize="42520" flags="393216"/></hp:linesegarray></hp:p><hp:p id="0" paraPrIDRef="0" styleIDRef="0" pageBreak="0" columnBreak="0" merged="0"><hp:run charPrIDRef="7"/><hp:linesegarray><hp:lineseg textpos="0" vertpos="1600" vertsize="1000" textheight="1000" baseline="850" spacing="600" horzpos="0" horzsize="42520" flags="393216"/></hp:linesegarray></hp:p><hp:p id="0" paraPrIDRef="0" styleIDRef="0" pageBreak="0" columnBreak="0" merged="0"><hp:run charPrIDRef="7"><hp:tbl id="1978902989" zOrder="0" numberingType="TABLE" textWrap="TOP_AND_BOTTOM" textFlow="BOTH_SIDES" lock="0" dropcapstyle="None" pageBreak="CELL" repeatHeader="1" rowCnt="1" colCnt="1" cellSpacing="0" borderFillIDRef="5" noAdjust="0"><hp:sz width="41954" widthRelTo="ABSOLUTE" height="3546" heightRelTo="ABSOLUTE" protect="0"/><hp:pos treatAsChar="0" affectLSpacing="0" flowWithText="1" allowOverlap="0" holdAnchorAndSO="0" vertRelTo="PARA" horzRelTo="COLUMN" vertAlign="TOP" horzAlign="LEFT" vertOffset="300" horzOffset="0"/><hp:outMargin left="283" right="283" top="283" bottom="283"/><hp:caption side="TOP" fullSz="0" width="8504" gap="850" lastWidth="41954"><hp:subList id="" textDirection="HORIZONTAL" lineWrap="BREAK" vertAlign="TOP" linkListIDRef="0" linkListNextIDRef="0" textWidth="0" textHeight="0" hasTextRef="0" hasNumRef="0"><hp:p id="0" paraPrIDRef="0" styleIDRef="0" pageBreak="0" columnBreak="0" merged="0"><hp:run charPrIDRef="0"><hp:t>표 </hp:t><hp:ctrl><hp:autoNum num="1" numType="TABLE"><hp:autoNumFormat type="DIGIT" userChar="" prefixChar="" suffixChar="" supscript="0"/></hp:autoNum></hp:ctrl><hp:t> </hp:t></hp:run><hp:linesegarray><hp:lineseg textpos="0" vertpos="0" vertsize="1000" textheight="1000" baseline="850" spacing="600" horzpos="0" horzsize="41952" flags="393216"/></hp:linesegarray></hp:p></hp:subList></hp:caption><hp:inMargin left="510" right="510" top="141" bottom="141"/><hp:tr><hp:tc name="" header="0" hasMargin="0" protect="0" editable="0" dirty="0" borderFillIDRef="4"><hp:subList id="" textDirection="HORIZONTAL" lineWrap="BREAK" vertAlign="CENTER" linkListIDRef="0" linkListNextIDRef="0" textWidth="0" textHeight="0" hasTextRef="0" hasNumRef="0"><hp:p id="2147483648" paraPrIDRef="0" styleIDRef="0" pageBreak="0" columnBreak="0" merged="0"><hp:run charPrIDRef="10"><hp:t>1열1행</hp:t></hp:run><hp:linesegarray><hp:lineseg textpos="0" vertpos="0" vertsize="1000" textheight="1000" baseline="850" spacing="600" horzpos="0" horzsize="40932" flags="393216"/></hp:linesegarray></hp:p></hp:subList><hp:cellAddr colAddr="0" rowAddr="0"/><hp:cellSpan colSpan="1" rowSpan="1"/><hp:cellSz width="41954" height="3546"/><hp:cellMargin left="510" right="510" top="141" bottom="141"/></hp:tc></hp:tr></hp:tbl><hp:t/></hp:run><hp:linesegarray><hp:lineseg textpos="0" vertpos="3200" vertsize="1000" textheight="1000" baseline="850" spacing="600" horzpos="0" horzsize="0" flags="393216"/></hp:linesegarray></hp:p><hp:p id="0" paraPrIDRef="0" styleIDRef="0" pageBreak="0" columnBreak="0" merged="0"><hp:run charPrIDRef="7"/><hp:linesegarray><hp:lineseg textpos="0" vertpos="9462" vertsize="1000" textheight="1000" baseline="850" spacing="600" horzpos="0" horzsize="42520" flags="393216"/></hp:linesegarray></hp:p><hp:p id="0" paraPrIDRef="0" styleIDRef="0" pageBreak="0" columnBreak="0" merged="0"><hp:run charPrIDRef="7"><hp:tbl id="1978902991" zOrder="1" numberingType="TABLE" textWrap="TOP_AND_BOTTOM" textFlow="BOTH_SIDES" lock="0" dropcapstyle="None" pageBreak="CELL" repeatHeader="1" rowCnt="2" colCnt="4" cellSpacing="0" borderFillIDRef="4" noAdjust="0"><hp:sz width="41954" widthRelTo="ABSOLUTE" height="2564" heightRelTo="ABSOLUTE" protect="0"/><hp:pos treatAsChar="0" affectLSpacing="0" flowWithText="1" allowOverlap="0" holdAnchorAndSO="0" vertRelTo="PARA" horzRelTo="COLUMN" vertAlign="TOP" horzAlign="LEFT" vertOffset="1875" horzOffset="0"/><hp:outMargin left="283" right="283" top="283" bottom="283"/><hp:caption side="TOP" fullSz="0" width="8504" gap="850" lastWidth="41954"><hp:subList id="" textDirection="HORIZONTAL" lineWrap="BREAK" vertAlign="TOP" linkListIDRef="0" linkListNextIDRef="0" textWidth="0" textHeight="0" hasTextRef="0" hasNumRef="0"><hp:p id="2147483648" paraPrIDRef="0" styleIDRef="0" pageBreak="0" columnBreak="0" merged="0"><hp:run charPrIDRef="0"><hp:t>표 </hp:t><hp:ctrl><hp:autoNum num="2" numType="TABLE"><hp:autoNumFormat type="DIGIT" userChar="" prefixChar="" suffixChar="" supscript="0"/></hp:autoNum></hp:ctrl><hp:t> </hp:t></hp:run><hp:linesegarray><hp:lineseg textpos="0" vertpos="0" vertsize="1000" textheight="1000" baseline="850" spacing="600" horzpos="0" horzsize="41952" flags="393216"/></hp:linesegarray></hp:p></hp:subList></hp:caption><hp:inMargin left="510" right="510" top="141" bottom="141"/><hp:tr><hp:tc name="" header="0" hasMargin="0" protect="0" editable="0" dirty="0" borderFillIDRef="4"><hp:subList id="" textDirection="HORIZONTAL" lineWrap="BREAK" vertAlign="CENTER" linkListIDRef="0" linkListNextIDRef="0" textWidth="0" textHeight="0" hasTextRef="0" hasNumRef="0"><hp:p id="2147483648" paraPrIDRef="0" styleIDRef="0" pageBreak="0" columnBreak="0" merged="0"><hp:run charPrIDRef="0"><hp:t>2열1행</hp:t></hp:run><hp:linesegarray><hp:lineseg textpos="0" vertpos="0" vertsize="1000" textheight="1000" baseline="850" spacing="600" horzpos="0" horzsize="19956" flags="393216"/></hp:linesegarray></hp:p></hp:subList><hp:cellAddr colAddr="0" rowAddr="0"/><hp:cellSpan colSpan="2" rowSpan="1"/><hp:cellSz width="20977" height="1282"/><hp:cellMargin left="510" right="510" top="141" bottom="141"/></hp:tc><hp:tc name="" header="0" hasMargin="0" protect="0" editable="0" dirty="0" borderFillIDRef="4"><hp:subList id="" textDirection="HORIZONTAL" lineWrap="BREAK" vertAlign="CENTER" linkListIDRef="0" linkListNextIDRef="0" textWidth="0" textHeight="0" hasTextRef="0" hasNumRef="0"><hp:p id="2147483648" paraPrIDRef="0" styleIDRef="0" pageBreak="0" columnBreak="0" merged="0"><hp:run charPrIDRef="0"/><hp:linesegarray><hp:lineseg textpos="0" vertpos="0" vertsize="1000" textheight="1000" baseline="850" spacing="600" horzpos="0" horzsize="9468" flags="393216"/></hp:linesegarray></hp:p></hp:subList><hp:cellAddr colAddr="2" rowAddr="0"/><hp:cellSpan colSpan="1" rowSpan="2"/><hp:cellSz width="10488" height="2564"/><hp:cellMargin left="510" right="510" top="141" bottom="141"/></hp:tc><hp:tc name="" header="0" hasMargin="0" protect="0" editable="0" dirty="0" borderFillIDRef="4"><hp:subList id="" textDirection="HORIZONTAL" lineWrap="BREAK" vertAlign="CENTER" linkListIDRef="0" linkListNextIDRef="0" textWidth="0" textHeight="0" hasTextRef="0" hasNumRef="0"><hp:p id="0" paraPrIDRef="0" styleIDRef="0" pageBreak="0" columnBreak="0" merged="0"><hp:run charPrIDRef="0"/><hp:linesegarray><hp:lineseg textpos="0" vertpos="0" vertsize="1000" textheight="1000" baseline="850" spacing="600" horzpos="0" horzsize="9468" flags="393216"/></hp:linesegarray></hp:p></hp:subList><hp:cellAddr colAddr="3" rowAddr="0"/><hp:cellSpan colSpan="1" rowSpan="1"/><hp:cellSz width="10489" height="1282"/><hp:cellMargin left="510" right="510" top="141" bottom="141"/></hp:tc></hp:tr><hp:tr><hp:tc name="" header="0" hasMargin="0" protect="0" editable="0" dirty="0" borderFillIDRef="4"><hp:subList id="" textDirection="HORIZONTAL" lineWrap="BREAK" vertAlign="CENTER" linkListIDRef="0" linkListNextIDRef="0" textWidth="0" textHeight="0" hasTextRef="0" hasNumRef="0"><hp:p id="0" paraPrIDRef="0" styleIDRef="0" pageBreak="0" columnBreak="0" merged="0"><hp:run charPrIDRef="0"/><hp:linesegarray><hp:lineseg textpos="0" vertpos="0" vertsize="1000" textheight="1000" baseline="850" spacing="600" horzpos="0" horzsize="9468" flags="393216"/></hp:linesegarray></hp:p></hp:subList><hp:cellAddr colAddr="0" rowAddr="1"/><hp:cellSpan colSpan="1" rowSpan="1"/><hp:cellSz width="10488" height="0"/><hp:cellMargin left="510" right="510" top="141" bottom="141"/></hp:tc><hp:tc name="" header="0" hasMargin="0" protect="0" editable="0" dirty="0" borderFillIDRef="4"><hp:subList id="" textDirection="HORIZONTAL" lineWrap="BREAK" vertAlign="CENTER" linkListIDRef="0" linkListNextIDRef="0" textWidth="0" textHeight="0" hasTextRef="0" hasNumRef="0"><hp:p id="0" paraPrIDRef="0" styleIDRef="0" pageBreak="0" columnBreak="0" merged="0"><hp:run charPrIDRef="0"/><hp:linesegarray><hp:lineseg textpos="0" vertpos="0" vertsize="1000" textheight="1000" baseline="850" spacing="600" horzpos="0" horzsize="9468" flags="393216"/></hp:linesegarray></hp:p></hp:subList><hp:cellAddr colAddr="1" rowAddr="1"/><hp:cellSpan colSpan="1" rowSpan="1"/><hp:cellSz width="10489" height="0"/><hp:cellMargin left="510" right="510" top="141" bottom="141"/></hp:tc><hp:tc name="" header="0" hasMargin="0" protect="0" editable="0" dirty="0" borderFillIDRef="4"><hp:subList id="" textDirection="HORIZONTAL" lineWrap="BREAK" vertAlign="CENTER" linkListIDRef="0" linkListNextIDRef="0" textWidth="0" textHeight="0" hasTextRef="0" hasNumRef="0"><hp:p id="0" paraPrIDRef="0" styleIDRef="0" pageBreak="0" columnBreak="0" merged="0"><hp:run charPrIDRef="0"/><hp:linesegarray><hp:lineseg textpos="0" vertpos="0" vertsize="1000" textheight="1000" baseline="850" spacing="600" horzpos="0" horzsize="9468" flags="393216"/></hp:linesegarray></hp:p></hp:subList><hp:cellAddr colAddr="3" rowAddr="1"/><hp:cellSpan colSpan="1" rowSpan="1"/><hp:cellSz width="10489" height="1282"/><hp:cellMargin left="510" right="510" top="141" bottom="141"/></hp:tc></hp:tr></hp:tbl><hp:t/></hp:run><hp:linesegarray><hp:lineseg textpos="0" vertpos="11062" vertsize="1000" textheight="1000" baseline="850" spacing="600" horzpos="0" horzsize="42520" flags="393216"/></hp:linesegarray></hp:p><hp:p id="0" paraPrIDRef="0" styleIDRef="0" pageBreak="0" columnBreak="0" merged="0"><hp:run charPrIDRef="7"><hp:tbl id="1982331878" zOrder="3" numberingType="TABLE" textWrap="TOP_AND_BOTTOM" textFlow="BOTH_SIDES" lock="0" dropcapstyle="None" pageBreak="CELL" repeatHeader="1" rowCnt="3" colCnt="3" cellSpacing="0" borderFillIDRef="4" noAdjust="0"><hp:sz width="41654" widthRelTo="ABSOLUTE" height="3846" heightRelTo="ABSOLUTE" protect="0"/><hp:pos treatAsChar="0" affectLSpacing="0" flowWithText="1" allowOverlap="0" holdAnchorAndSO="0" vertRelTo="PARA" horzRelTo="COLUMN" vertAlign="TOP" horzAlign="LEFT" vertOffset="1875" horzOffset="0"/><hp:outMargin left="283" right="283" top="283" bottom="283"/><hp:caption side="TOP" fullSz="0" width="8504" gap="850" lastWidth="41654"><hp:subList id="" textDirection="HORIZONTAL" lineWrap="BREAK" vertAlign="TOP" linkListIDRef="0" linkListNextIDRef="0" textWidth="0" textHeight="0" hasTextRef="0" hasNumRef="0"><hp:p id="0" paraPrIDRef="0" styleIDRef="0" pageBreak="0" columnBreak="0" merged="0"><hp:run charPrIDRef="0"><hp:t>표 </hp:t><hp:ctrl><hp:autoNum num="3" numType="TABLE"><hp:autoNumFormat type="DIGIT" userChar="" prefixChar="" suffixChar="" supscript="0"/></hp:autoNum></hp:ctrl><hp:t> </hp:t></hp:run><hp:linesegarray><hp:lineseg textpos="0" vertpos="0" vertsize="1000" textheight="1000" baseline="850" spacing="600" horzpos="0" horzsize="41652" flags="393216"/></hp:linesegarray></hp:p></hp:subList></hp:caption><hp:inMargin left="510" right="510" top="141" bottom="141"/><hp:tr><hp:tc name="" header="0" hasMargin="0" protect="0" editable="0" dirty="0" borderFillIDRef="4"><hp:subList id="" textDirection="HORIZONTAL" lineWrap="BREAK" vertAlign="CENTER" linkListIDRef="0" linkListNextIDRef="0" textWidth="0" textHeight="0" hasTextRef="0" hasNumRef="0"><hp:p id="2147483648" paraPrIDRef="0" styleIDRef="0" pageBreak="0" columnBreak="0" merged="0"><hp:run charPrIDRef="0"><hp:t>1-1</hp:t></hp:run><hp:linesegarray><hp:lineseg textpos="0" vertpos="0" vertsize="1000" textheight="1000" baseline="850" spacing="600" horzpos="0" horzsize="12864" flags="393216"/></hp:linesegarray></hp:p></hp:subList><hp:cellAddr colAddr="0" rowAddr="0"/><hp:cellSpan colSpan="1" rowSpan="1"/><hp:cellSz width="13884" height="1282"/><hp:cellMargin left="510" right="510" top="141" bottom="141"/></hp:tc><hp:tc name="" header="0" hasMargin="0" protect="0" editable="0" dirty="0" borderFillIDRef="4"><hp:subList id="" textDirection="HORIZONTAL" lineWrap="BREAK" vertAlign="CENTER" linkListIDRef="0" linkListNextIDRef="0" textWidth="0" textHeight="0" hasTextRef="0" hasNumRef="0"><hp:p id="0" paraPrIDRef="0" styleIDRef="0" pageBreak="0" columnBreak="0" merged="0"><hp:run charPrIDRef="0"><hp:t>1-2</hp:t></hp:run><hp:linesegarray><hp:lineseg textpos="0" vertpos="0" vertsize="1000" textheight="1000" baseline="850" spacing="600" horzpos="0" horzsize="12864" flags="393216"/></hp:linesegarray></hp:p></hp:subList><hp:cellAddr colAddr="1" rowAddr="0"/><hp:cellSpan colSpan="1" rowSpan="1"/><hp:cellSz width="13885" height="1282"/><hp:cellMargin left="510" right="510" top="141" bottom="141"/></hp:tc><hp:tc name="" header="0" hasMargin="0" protect="0" editable="0" dirty="0" borderFillIDRef="4"><hp:subList id="" textDirection="HORIZONTAL" lineWrap="BREAK" vertAlign="CENTER" linkListIDRef="0" linkListNextIDRef="0" textWidth="0" textHeight="0" hasTextRef="0" hasNumRef="0"><hp:p id="2147483648" paraPrIDRef="0" styleIDRef="0" pageBreak="0" columnBreak="0" merged="0"><hp:run charPrIDRef="0"><hp:t>1-3</hp:t></hp:run><hp:linesegarray><hp:lineseg textpos="0" vertpos="0" vertsize="1000" textheight="1000" baseline="850" spacing="600" horzpos="0" horzsize="12864" flags="393216"/></hp:linesegarray></hp:p></hp:subList><hp:cellAddr colAddr="2" rowAddr="0"/><hp:cellSpan colSpan="1" rowSpan="1"/><hp:cellSz width="13885" height="1282"/><hp:cellMargin left="510" right="510" top="141" bottom="141"/></hp:tc></hp:tr><hp:tr><hp:tc name="" header="0" hasMargin="0" protect="0" editable="0" dirty="0" borderFillIDRef="4"><hp:subList id="" textDirection="HORIZONTAL" lineWrap="BREAK" vertAlign="CENTER" linkListIDRef="0" linkListNextIDRef="0" textWidth="0" textHeight="0" hasTextRef="0" hasNumRef="0"><hp:p id="0" paraPrIDRef="0" styleIDRef="0" pageBreak="0" columnBreak="0" merged="0"><hp:run charPrIDRef="0"><hp:t>2-1</hp:t></hp:run><hp:linesegarray><hp:lineseg textpos="0" vertpos="0" vertsize="1000" textheight="1000" baseline="850" spacing="600" horzpos="0" horzsize="12864" flags="393216"/></hp:linesegarray></hp:p></hp:subList><hp:cellAddr colAddr="0" rowAddr="1"/><hp:cellSpan colSpan="1" rowSpan="1"/><hp:cellSz width="13884" height="0"/><hp:cellMargin left="510" right="510" top="141" bottom="141"/></hp:tc><hp:tc name="" header="0" hasMargin="0" protect="0" editable="0" dirty="0" borderFillIDRef="4"><hp:subList id="" textDirection="HORIZONTAL" lineWrap="BREAK" vertAlign="CENTER" linkListIDRef="0" linkListNextIDRef="0" textWidth="0" textHeight="0" hasTextRef="0" hasNumRef="0"><hp:p id="0" paraPrIDRef="0" styleIDRef="0" pageBreak="0" columnBreak="0" merged="0"><hp:run charPrIDRef="0"><hp:t>2-2</hp:t></hp:run><hp:linesegarray><hp:lineseg textpos="0" vertpos="0" vertsize="1000" textheight="1000" baseline="850" spacing="600" horzpos="0" horzsize="12864" flags="393216"/></hp:linesegarray></hp:p></hp:subList><hp:cellAddr colAddr="1" rowAddr="1"/><hp:cellSpan colSpan="1" rowSpan="1"/><hp:cellSz width="13885" height="0"/><hp:cellMargin left="510" right="510" top="141" bottom="141"/></hp:tc><hp:tc name="" header="0" hasMargin="0" protect="0" editable="0" dirty="0" borderFillIDRef="4"><hp:subList id="" textDirection="HORIZONTAL" lineWrap="BREAK" vertAlign="CENTER" linkListIDRef="0" linkListNextIDRef="0" textWidth="0" textHeight="0" hasTextRef="0" hasNumRef="0"><hp:p id="0" paraPrIDRef="0" styleIDRef="0" pageBreak="0" columnBreak="0" merged="0"><hp:run charPrIDRef="0"><hp:t>2-3</hp:t></hp:run><hp:linesegarray><hp:lineseg textpos="0" vertpos="0" vertsize="1000" textheight="1000" baseline="850" spacing="600" horzpos="0" horzsize="12864" flags="393216"/></hp:linesegarray></hp:p></hp:subList><hp:cellAddr colAddr="2" rowAddr="1"/><hp:cellSpan colSpan="1" rowSpan="1"/><hp:cellSz width="13885" height="1282"/><hp:cellMargin left="510" right="510" top="141" bottom="141"/></hp:tc></hp:tr><hp:tr><hp:tc name="" header="0" hasMargin="0" protect="0" editable="0" dirty="0" borderFillIDRef="4"><hp:subList id="" textDirection="HORIZONTAL" lineWrap="BREAK" vertAlign="CENTER" linkListIDRef="0" linkListNextIDRef="0" textWidth="0" textHeight="0" hasTextRef="0" hasNumRef="0"><hp:p id="2147483648" paraPrIDRef="0" styleIDRef="0" pageBreak="0" columnBreak="0" merged="0"><hp:run charPrIDRef="0"><hp:t>3-1</hp:t></hp:run><hp:linesegarray><hp:lineseg textpos="0" vertpos="0" vertsize="1000" textheight="1000" baseline="850" spacing="600" horzpos="0" horzsize="12864" flags="393216"/></hp:linesegarray></hp:p></hp:subList><hp:cellAddr colAddr="0" rowAddr="2"/><hp:cellSpan colSpan="1" rowSpan="1"/><hp:cellSz width="13884" height="0"/><hp:cellMargin left="510" right="510" top="141" bottom="141"/></hp:tc><hp:tc name="" header="0" hasMargin="0" protect="0" editable="0" dirty="0" borderFillIDRef="4"><hp:subList id="" textDirection="HORIZONTAL" lineWrap="BREAK" vertAlign="CENTER" linkListIDRef="0" linkListNextIDRef="0" textWidth="0" textHeight="0" hasTextRef="0" hasNumRef="0"><hp:p id="2147483648" paraPrIDRef="0" styleIDRef="0" pageBreak="0" columnBreak="0" merged="0"><hp:run charPrIDRef="0"><hp:t>3-2</hp:t></hp:run><hp:linesegarray><hp:lineseg textpos="0" vertpos="0" vertsize="1000" textheight="1000" baseline="850" spacing="600" horzpos="0" horzsize="12864" flags="393216"/></hp:linesegarray></hp:p></hp:subList><hp:cellAddr colAddr="1" rowAddr="2"/><hp:cellSpan colSpan="1" rowSpan="1"/><hp:cellSz width="13885" height="0"/><hp:cellMargin left="510" right="510" top="141" bottom="141"/></hp:tc><hp:tc name="" header="0" hasMargin="0" protect="0" editable="0" dirty="0" borderFillIDRef="4"><hp:subList id="" textDirection="HORIZONTAL" lineWrap="BREAK" vertAlign="CENTER" linkListIDRef="0" linkListNextIDRef="0" textWidth="0" textHeight="0" hasTextRef="0" hasNumRef="0"><hp:p id="2147483648" paraPrIDRef="0" styleIDRef="0" pageBreak="0" columnBreak="0" merged="0"><hp:run charPrIDRef="0"><hp:t>3-3</hp:t></hp:run><hp:linesegarray><hp:lineseg textpos="0" vertpos="0" vertsize="1000" textheight="1000" baseline="850" spacing="600" horzpos="0" horzsize="12864" flags="393216"/></hp:linesegarray></hp:p></hp:subList><hp:cellAddr colAddr="2" rowAddr="2"/><hp:cellSpan colSpan="1" rowSpan="1"/><hp:cellSz width="13885" height="1282"/><hp:cellMargin left="510" right="510" top="141" bottom="141"/></hp:tc></hp:tr></hp:tbl><hp:t/></hp:run><hp:linesegarray><hp:lineseg textpos="0" vertpos="17917" vertsize="1000" textheight="1000" baseline="850" spacing="600" horzpos="0" horzsize="42520" flags="393216"/></hp:linesegarray></hp:p><hp:p id="0" paraPrIDRef="0" styleIDRef="0" pageBreak="1" columnBreak="0" merged="0"><hp:run charPrIDRef="7"><hp:t>빨강ㅇㅇ</hp:t></hp:run><hp:linesegarray><hp:lineseg textpos="0" vertpos="0" vertsize="1000" textheight="1000" baseline="850" spacing="600" horzpos="0" horzsize="42520" flags="393216"/></hp:linesegarray></hp:p><hp:p id="2147483648" paraPrIDRef="0" styleIDRef="0" pageBreak="0" columnBreak="0" merged="0"><hp:run charPrIDRef="8"><hp:t><hp:markpenBegin color="#0000FF"/>빨강음영<hp:markpenEnd/></hp:t></hp:run><hp:linesegarray><hp:lineseg textpos="0" vertpos="1600" vertsize="1000" textheight="1000" baseline="850" spacing="600" horzpos="0" horzsize="42520" flags="393216"/></hp:linesegarray></hp:p><hp:p id="2147483648" paraPrIDRef="0" styleIDRef="0" pageBreak="0" columnBreak="0" merged="0"><hp:run charPrIDRef="9"><hp:t>파랑</hp:t></hp:run><hp:linesegarray><hp:lineseg textpos="0" vertpos="3200" vertsize="1000" textheight="1000" baseline="850" spacing="600" horzpos="0" horzsize="42520" flags="393216"/></hp:linesegarray></hp:p><hp:p id="2147483648" paraPrIDRef="0" styleIDRef="0" pageBreak="0" columnBreak="0" merged="0"><hp:run charPrIDRef="10"><hp:t><hp:markpenBegin color="#FF0000"/>파랑음영<hp:markpenEnd/></hp:t></hp:run><hp:linesegarray><hp:lineseg textpos="0" vertpos="4800" vertsize="1000" textheight="1000" baseline="850" spacing="600" horzpos="0" horzsize="42520" flags="393216"/></hp:linesegarray></hp:p><hp:p id="2147483648" paraPrIDRef="0" styleIDRef="0" pageBreak="0" columnBreak="0" merged="0"><hp:run charPrIDRef="11"><hp:t>밑줄</hp:t></hp:run><hp:linesegarray><hp:lineseg textpos="0" vertpos="6400" vertsize="1000" textheight="1000" baseline="850" spacing="600" horzpos="0" horzsize="42520" flags="393216"/></hp:linesegarray></hp:p><hp:p id="2147483648" paraPrIDRef="0" styleIDRef="0" pageBreak="0" columnBreak="0" merged="0"><hp:run charPrIDRef="15"><hp:t>취소선</hp:t></hp:run><hp:linesegarray><hp:lineseg textpos="0" vertpos="8000" vertsize="1000" textheight="1000" baseline="850" spacing="600" horzpos="0" horzsize="42520" flags="393216"/></hp:linesegarray></hp:p><hp:p id="2147483648" paraPrIDRef="0" styleIDRef="0" pageBreak="0" columnBreak="0" merged="0"><hp:run charPrIDRef="12"><hp:t>기울임</hp:t></hp:run><hp:linesegarray><hp:lineseg textpos="0" vertpos="9600" vertsize="1000" textheight="1000" baseline="850" spacing="600" horzpos="0" horzsize="42520" flags="393216"/></hp:linesegarray></hp:p><hp:p id="2147483648" paraPrIDRef="0" styleIDRef="0" pageBreak="0" columnBreak="0" merged="0"><hp:run charPrIDRef="13"><hp:t>굵게</hp:t></hp:run><hp:linesegarray><hp:lineseg textpos="0" vertpos="11200" vertsize="1000" textheight="1000" baseline="850" spacing="600" horzpos="0" horzsize="42520" flags="393216"/></hp:linesegarray></hp:p><hp:p id="2147483648" paraPrIDRef="0" styleIDRef="0" pageBreak="0" columnBreak="0" merged="0"><hp:run charPrIDRef="14"><hp:t>글자테두리</hp:t></hp:run><hp:linesegarray><hp:lineseg textpos="0" vertpos="12800" vertsize="1000" textheight="1056" baseline="850" spacing="632" horzpos="0" horzsize="42520" flags="393216"/></hp:linesegarray></hp:p><hp:p id="2147483648" paraPrIDRef="0" styleIDRef="0" pageBreak="0" columnBreak="0" merged="0"><hp:run charPrIDRef="16"><hp:t>자간 10%</hp:t></hp:run><hp:linesegarray><hp:lineseg textpos="0" vertpos="14488" vertsize="1000" textheight="1000" baseline="850" spacing="600" horzpos="0" horzsize="42520" flags="393216"/></hp:linesegarray></hp:p><hp:p id="2147483648" paraPrIDRef="0" styleIDRef="0" pageBreak="0" columnBreak="0" merged="0"><hp:run charPrIDRef="17"><hp:t>자간 –10%</hp:t></hp:run><hp:linesegarray><hp:lineseg textpos="0" vertpos="16088" vertsize="1000" textheight="1000" baseline="850" spacing="600" horzpos="0" horzsize="42520" flags="393216"/></hp:linesegarray></hp:p><hp:p id="2147483648" paraPrIDRef="0" styleIDRef="0" pageBreak="0" columnBreak="0" merged="0"><hp:run charPrIDRef="0"/><hp:linesegarray><hp:lineseg textpos="0" vertpos="17688" vertsize="1000" textheight="1000" baseline="850" spacing="600" horzpos="0" horzsize="42520" flags="393216"/></hp:linesegarray></hp:p><hp:p id="2147483648" paraPrIDRef="0" styleIDRef="0" pageBreak="0" columnBreak="0" merged="0"><hp:run charPrIDRef="7"><hp:t>빨강  ㅁㄴㅇㄹ</hp:t></hp:run><hp:run charPrIDRef="9"><hp:t>파랑텍스트가 길어서 개행이 되는 경우를 테스트해봐야합니다 시발롬아 으 좆같네진ᄍᆞ 시발 ㅁㄴㅇㄹㅁㄴㅇㄹㅁㄴㅇㄹ</hp:t></hp:run><hp:linesegarray><hp:lineseg textpos="0" vertpos="19288" vertsize="1000" textheight="1000" baseline="850" spacing="600" horzpos="0" horzsize="42520" flags="393216"/><hp:lineseg textpos="48" vertpos="20888" vertsize="1000" textheight="1000" baseline="850" spacing="600" horzpos="0" horzsize="42520" flags="393216"/></hp:linesegarray></hp:p><hp:p id="2147483648" paraPrIDRef="0" styleIDRef="0" pageBreak="0" columnBreak="0" merged="0"><hp:run charPrIDRef="0"/><hp:linesegarray><hp:lineseg textpos="0" vertpos="22488" vertsize="1000" textheight="1000" baseline="850" spacing="600" horzpos="0" horzsize="42520" flags="393216"/></hp:linesegarray></hp:p><hp:p id="2147483648" paraPrIDRef="0" styleIDRef="0" pageBreak="0" columnBreak="0" merged="0"><hp:run charPrIDRef="0"><hp:t>테이블</hp:t></hp:run><hp:linesegarray><hp:lineseg textpos="0" vertpos="24088" vertsize="1000" textheight="1000" baseline="850" spacing="600" horzpos="0" horzsize="42520" flags="393216"/></hp:linesegarray></hp:p><hp:p id="2147483648" paraPrIDRef="0" styleIDRef="0" pageBreak="0" columnBreak="0" merged="0"><hp:run charPrIDRef="0"><hp:tbl id="1978902993" zOrder="2" numberingType="TABLE" textWrap="TOP_AND_BOTTOM" textFlow="BOTH_SIDES" lock="0" dropcapstyle="None" pageBreak="CELL" repeatHeader="1" rowCnt="1" colCnt="2" cellSpacing="0" borderFillIDRef="4" noAdjust="0"><hp:sz width="41954" widthRelTo="ABSOLUTE" height="1282" heightRelTo="ABSOLUTE" protect="0"/><hp:pos treatAsChar="0" affectLSpacing="0" flowWithText="1" allowOverlap="0" holdAnchorAndSO="0" vertRelTo="PARA" horzRelTo="COLUMN" vertAlign="TOP" horzAlign="LEFT" vertOffset="0" horzOffset="0"/><hp:outMargin left="283" right="283" top="283" bottom="283"/><hp:caption side="TOP" fullSz="0" width="8504" gap="850" lastWidth="41954"><hp:subList id="" textDirection="HORIZONTAL" lineWrap="BREAK" vertAlign="TOP" linkListIDRef="0" linkListNextIDRef="0" textWidth="0" textHeight="0" hasTextRef="0" hasNumRef="0"><hp:p id="2147483648" paraPrIDRef="0" styleIDRef="0" pageBreak="0" columnBreak="0" merged="0"><hp:run charPrIDRef="0"><hp:t>표 </hp:t><hp:ctrl><hp:autoNum num="4" numType="TABLE"><hp:autoNumFormat type="DIGIT" userChar="" prefixChar="" suffixChar="" supscript="0"/></hp:autoNum></hp:ctrl><hp:t> </hp:t></hp:run><hp:linesegarray><hp:lineseg textpos="0" vertpos="0" vertsize="1000" textheight="1000" baseline="850" spacing="600" horzpos="0" horzsize="41952" flags="393216"/></hp:linesegarray></hp:p></hp:subList></hp:caption><hp:inMargin left="510" right="510" top="141" bottom="141"/><hp:tr><hp:tc name="" header="0" hasMargin="0" protect="0" editable="0" dirty="0" borderFillIDRef="4"><hp:subList id="" textDirection="HORIZONTAL" lineWrap="BREAK" vertAlign="CENTER" linkListIDRef="0" linkListNextIDRef="0" textWidth="0" textHeight="0" hasTextRef="0" hasNumRef="0"><hp:p id="2147483648" paraPrIDRef="0" styleIDRef="0" pageBreak="0" columnBreak="0" merged="0"><hp:run charPrIDRef="0"><hp:t>2열1행</hp:t></hp:run><hp:linesegarray><hp:lineseg textpos="0" vertpos="0" vertsize="1000" textheight="1000" baseline="850" spacing="600" horzpos="0" horzsize="19956" flags="393216"/></hp:linesegarray></hp:p></hp:subList><hp:cellAddr colAddr="0" rowAddr="0"/><hp:cellSpan colSpan="1" rowSpan="1"/><hp:cellSz width="20977" height="1282"/><hp:cellMargin left="510" right="510" top="141" bottom="141"/></hp:tc><hp:tc name="" header="0" hasMargin="0" protect="0" editable="0" dirty="0" borderFillIDRef="4"><hp:subList id="" textDirection="HORIZONTAL" lineWrap="BREAK" vertAlign="CENTER" linkListIDRef="0" linkListNextIDRef="0" textWidth="0" textHeight="0" hasTextRef="0" hasNumRef="0"><hp:p id="2147483648" paraPrIDRef="0" styleIDRef="0" pageBreak="0" columnBreak="0" merged="0"><hp:run charPrIDRef="0"/><hp:linesegarray><hp:lineseg textpos="0" vertpos="0" vertsize="1000" textheight="1000" baseline="850" spacing="600" horzpos="0" horzsize="19956" flags="393216"/></hp:linesegarray></hp:p></hp:subList><hp:cellAddr colAddr="1" rowAddr="0"/><hp:cellSpan colSpan="1" rowSpan="1"/><hp:cellSz width="20977" height="1282"/><hp:cellMargin left="510" right="510" top="141" bottom="141"/></hp:tc></hp:tr></hp:tbl><hp:t/></hp:run><hp:linesegarray><hp:lineseg textpos="0" vertpos="25688" vertsize="1000" textheight="1000" baseline="850" spacing="600" horzpos="0" horzsize="0" flags="393216"/></hp:linesegarray></hp:p><hp:p id="2147483648" paraPrIDRef="0" styleIDRef="0" pageBreak="0" columnBreak="0" merged="0"><hp:run charPrIDRef="0"/><hp:linesegarray><hp:lineseg textpos="0" vertpos="29386" vertsize="1000" textheight="1000" baseline="850" spacing="600" horzpos="0" horzsize="42520" flags="393216"/></hp:linesegarray></hp:p><hp:p id="2147483648" paraPrIDRef="0" styleIDRef="0" pageBreak="0" columnBreak="0" merged="0"><hp:run charPrIDRef="0"/><hp:linesegarray><hp:lineseg textpos="0" vertpos="30986" vertsize="1000" textheight="1000" baseline="850" spacing="600" horzpos="0" horzsize="42520" flags="393216"/></hp:linesegarray></hp:p><hp:p id="2147483648" paraPrIDRef="0" styleIDRef="0" pageBreak="0" columnBreak="0" merged="0"><hp:run charPrIDRef="0"><hp:t>asdfasd</hp:t></hp:run><hp:linesegarray><hp:lineseg textpos="0" vertpos="32586" vertsize="1000" textheight="1000" baseline="850" spacing="600" horzpos="0" horzsize="42520" flags="393216"/></hp:linesegarray></hp:p><hp:p id="2147483648" paraPrIDRef="0" styleIDRef="0" pageBreak="0" columnBreak="0" merged="0"><hp:run charPrIDRef="0"/><hp:linesegarray><hp:lineseg textpos="0" vertpos="34186" vertsize="1000" textheight="1000" baseline="850" spacing="600" horzpos="0" horzsize="42520" flags="393216"/></hp:linesegarray></hp:p><hp:p id="2147483648" paraPrIDRef="0" styleIDRef="0" pageBreak="0" columnBreak="0" merged="0"><hp:run charPrIDRef="0"/><hp:linesegarray><hp:lineseg textpos="0" vertpos="35786" vertsize="1000" textheight="1000" baseline="850" spacing="600" horzpos="0" horzsize="42520" flags="393216"/></hp:linesegarray></hp:p><hp:p id="2147483648" paraPrIDRef="0" styleIDRef="0" pageBreak="0" columnBreak="0" merged="0"><hp:run charPrIDRef="0"/><hp:linesegarray><hp:lineseg textpos="0" vertpos="37386" vertsize="1000" textheight="1000" baseline="850" spacing="600" horzpos="0" horzsize="42520" flags="393216"/></hp:linesegarray></hp:p><hp:p id="2147483648" paraPrIDRef="0" styleIDRef="0" pageBreak="0" columnBreak="0" merged="0"><hp:run charPrIDRef="0"><hp:t>dfd</hp:t></hp:run><hp:linesegarray><hp:lineseg textpos="0" vertpos="38986" vertsize="1000" textheight="1000" baseline="850" spacing="600" horzpos="0" horzsize="42520" flags="393216"/></hp:linesegarray></hp:p><hp:p id="2147483648" paraPrIDRef="0" styleIDRef="0" pageBreak="0" columnBreak="0" merged="0"><hp:run charPrIDRef="0"/><hp:linesegarray><hp:lineseg textpos="0" vertpos="40586" vertsize="1000" textheight="1000" baseline="850" spacing="600" horzpos="0" horzsize="42520" flags="393216"/></hp:linesegarray></hp:p></hs:sec>